<?xml version="1.0" encoding="UTF-8"?>
<preferences>
 <debug showDebugMenu="0" />
 <systemtable>
  <columns>
   <connections preferredWidth="111" />
   <irq preferredWidth="34" />
  </columns>
 </systemtable>
 <clocktable>
  <columns>
   <clockname preferredWidth="363" />
   <clocksource preferredWidth="363" />
   <frequency preferredWidth="344" />
  </columns>
 </clocktable>
 <library
   expandedCategories="Library,Project/My IP Cores,Project,Project/System" />
 <window width="1366" height="768" x="0" y="0" />
 <hdlexample language="VERILOG" />
 <generation synthesis="VHDL" />
</preferences>
