<?xml version="1.0" ?>
<LOG_ROOT>
	<PROJECT NAME="lights">
		<CBX_INST_ENTRY INSTANCE_NAME="|lights|qsys:NiosII|qsys_jtag_uart_0:jtag_uart_0|qsys_jtag_uart_0_scfifo_w:the_qsys_jtag_uart_0_scfifo_w|scfifo:wfifo" CBX_FILE_NAME="scfifo_jr21.tdf"/>
		<CBX_INST_ENTRY INSTANCE_NAME="|lights|qsys:NiosII|qsys_nios2_qsys_0:nios2_qsys_0|qsys_nios2_qsys_0_nios2_oci:the_qsys_nios2_qsys_0_nios2_oci|qsys_nios2_qsys_0_nios2_ocimem:the_qsys_nios2_qsys_0_nios2_ocimem|qsys_nios2_qsys_0_ociram_sp_ram_module:qsys_nios2_qsys_0_ociram_sp_ram|altsyncram:the_altsyncram" CBX_FILE_NAME="altsyncram_m481.tdf"/>
		<CBX_INST_ENTRY INSTANCE_NAME="|lights|qsys:NiosII|qsys_nios2_qsys_0:nios2_qsys_0|qsys_nios2_qsys_0_register_bank_a_module:qsys_nios2_qsys_0_register_bank_a|altsyncram:the_altsyncram" CBX_FILE_NAME="altsyncram_ing1.tdf"/>
		<CBX_INST_ENTRY INSTANCE_NAME="|lights|qsys:NiosII|qsys_nios2_qsys_0:nios2_qsys_0|qsys_nios2_qsys_0_register_bank_b_module:qsys_nios2_qsys_0_register_bank_b|altsyncram:the_altsyncram" CBX_FILE_NAME="altsyncram_jng1.tdf"/>
		<CBX_INST_ENTRY INSTANCE_NAME="|lights|qsys:NiosII|qsys_jtag_uart_0:jtag_uart_0|qsys_jtag_uart_0_scfifo_r:the_qsys_jtag_uart_0_scfifo_r|scfifo:rfifo" CBX_FILE_NAME="scfifo_jr21.tdf"/>
		<CBX_INST_ENTRY INSTANCE_NAME="|lights|qsys:NiosII|qsys_onchip_memory2_0:onchip_memory2_0|altsyncram:the_altsyncram" CBX_FILE_NAME="altsyncram_gpc1.tdf"/>
	</PROJECT>
</LOG_ROOT>
