<?xml version="1.0" encoding="UTF-8"?>
<preferences>
 <debug showDebugMenu="0" />
 <systemtable>
  <columns>
   <connections preferredWidth="127" />
   <irq preferredWidth="34" />
  </columns>
 </systemtable>
 <clocktable>
  <columns>
   <clockname preferredWidth="388" />
   <clocksource preferredWidth="387" />
   <frequency preferredWidth="369" />
  </columns>
 </clocktable>
 <library
   expandedCategories="Library/Interface Protocols/Serial,Library/Interface Protocols,Project,Library" />
 <window width="1456" height="876" x="-8" y="-8" />
 <generation synthesis="VHDL" />
</preferences>
