<?xml version="1.0" encoding="UTF-8"?>
<preferences>
 <debug showDebugMenu="0" />
 <systemtable filter="Default">
  <columns>
   <connections preferredWidth="127" />
   <irq preferredWidth="34" />
  </columns>
 </systemtable>
 <clocktable>
  <columns>
   <clockname preferredWidth="363" />
   <clocksource preferredWidth="363" />
   <frequency preferredWidth="344" />
  </columns>
 </clocktable>
 <library expandedCategories="Project,Library" />
 <window width="1366" height="768" x="0" y="0" />
 <generation synthesis="VHDL" />
</preferences>
